,0,1,2,3,4,5,6,7,8,9,10,11,12,13,14,15,16,17,18,19,20,21,22,23,24,25,26,27,28,29,30,31,32
0,1,1,18,1,2,2,4,4,5,1,3,1,2,2,0,1,2,2,2,1,1,2,2,4,3,4,1,1,3,6,5,6,6
1,1,1,17,1,2,1,1,1,5,4,3,2,1,2,0,2,1,2,2,2,1,1,2,5,3,3,1,1,3,4,5,5,6
2,1,1,15,1,1,1,1,1,5,4,4,1,1,2,3,1,2,1,2,1,1,1,2,4,3,2,2,3,3,10,7,8,10
3,1,1,15,1,2,1,4,2,2,3,1,1,1,3,0,2,1,1,1,1,1,1,1,3,2,2,1,1,5,2,15,14,15
4,1,1,16,1,2,1,3,3,4,4,1,2,1,2,0,2,1,1,2,1,1,2,2,4,3,2,1,2,5,4,6,10,10
5,1,2,16,1,1,1,4,3,3,4,2,1,1,2,0,2,1,1,1,1,1,1,2,5,4,2,1,2,5,10,15,15,15
6,1,2,16,1,1,1,2,2,4,4,1,1,1,2,0,2,2,2,2,1,1,1,2,4,4,4,1,1,3,0,12,12,11
7,1,1,17,1,2,2,4,4,4,1,1,1,2,2,0,1,1,2,2,1,1,2,2,4,1,4,1,1,1,6,6,5,6
8,1,2,15,1,1,2,3,2,3,4,1,1,1,2,0,2,1,1,2,1,1,1,2,4,2,2,1,1,1,0,16,18,19
9,1,2,15,1,2,1,3,4,4,4,1,1,1,2,0,2,1,1,1,1,1,1,2,5,5,1,1,1,5,0,14,15,15
10,1,1,15,1,2,1,4,4,1,2,2,1,1,2,0,2,1,1,2,1,1,1,2,3,3,3,1,2,2,0,10,8,9
11,1,1,15,1,2,1,2,1,3,4,2,2,3,3,0,2,1,2,1,1,1,1,2,5,2,2,1,1,4,4,10,12,12
12,1,2,15,1,1,1,4,4,2,3,3,2,1,1,0,2,1,1,1,1,1,1,2,4,3,3,1,3,5,2,14,14,14
13,1,2,15,1,2,1,4,3,1,4,3,1,2,2,0,2,1,1,2,1,1,1,2,5,4,3,1,2,3,2,10,10,11
14,1,2,15,1,2,2,2,2,4,4,1,4,1,3,0,2,1,2,2,1,1,1,1,4,5,2,1,1,3,0,14,16,16
15,1,1,16,1,2,1,4,4,2,4,1,1,1,1,0,2,1,2,2,1,1,1,2,4,4,4,1,2,2,4,14,14,14
16,1,1,16,1,2,1,4,4,3,3,2,1,1,3,0,2,1,1,1,1,1,1,2,3,2,3,1,2,2,6,13,14,14
17,1,1,16,1,2,1,3,3,4,4,2,1,3,2,0,1,1,2,1,1,1,2,2,5,3,2,1,1,4,4,8,10,10
18,1,2,17,1,2,1,3,2,3,3,3,1,1,1,3,2,1,2,1,1,1,1,2,5,5,5,2,4,5,16,6,5,5
19,1,2,16,1,1,1,4,3,2,4,1,2,1,1,0,2,2,1,1,1,1,1,2,3,1,3,1,3,5,4,8,10,10
20,1,2,15,1,2,1,4,3,1,4,2,1,1,2,0,2,2,2,2,1,1,1,2,4,4,1,1,1,1,0,13,14,15
21,1,2,15,1,2,1,4,4,2,2,4,2,1,1,0,2,1,1,2,1,1,1,2,5,4,2,1,1,5,0,12,15,15
22,1,2,16,1,1,1,4,2,1,4,3,1,1,2,0,2,2,2,1,1,1,1,2,4,5,1,1,3,5,2,15,15,16
23,1,2,16,1,1,1,2,2,4,4,2,1,2,2,0,2,1,2,1,1,1,1,2,5,4,4,2,4,5,0,13,13,12
24,1,1,15,2,2,1,2,4,3,2,3,1,1,3,0,1,1,1,1,1,1,1,2,4,3,2,1,1,5,2,10,9,8
25,1,1,16,1,2,1,2,2,3,3,1,1,1,1,2,2,1,1,2,2,1,1,2,1,2,2,1,3,5,14,6,9,8
26,1,2,15,1,2,1,2,2,4,4,1,1,1,1,0,2,1,1,2,1,1,1,2,4,2,2,1,2,5,2,12,12,11
27,1,2,15,1,2,1,4,2,2,3,4,1,1,1,0,2,2,1,2,1,1,1,2,2,2,4,2,4,1,4,15,16,15
28,1,2,16,1,1,2,3,4,3,4,1,1,1,2,0,1,1,2,1,1,1,1,2,5,3,3,1,1,5,4,11,11,11
29,1,2,16,1,2,1,4,4,1,1,1,1,1,2,0,2,1,1,1,1,1,1,1,4,4,5,5,5,5,16,10,12,11
30,1,2,15,1,2,1,4,4,2,3,1,1,1,2,0,2,1,1,2,2,1,1,2,5,4,2,3,4,5,0,9,11,12
31,1,2,15,1,2,1,4,4,3,3,2,1,2,2,0,2,1,2,1,1,1,1,2,4,3,1,1,1,5,0,17,16,17
32,1,2,15,2,2,1,4,3,1,5,3,1,1,2,0,2,1,2,1,1,1,1,1,4,5,2,1,1,5,0,17,16,16
33,1,2,15,1,1,1,3,3,4,4,3,1,1,2,0,2,2,2,1,2,1,1,2,5,3,2,1,1,2,0,8,10,12
34,1,2,16,1,2,1,3,2,4,4,1,1,1,1,0,2,1,1,2,2,1,1,2,5,4,3,1,1,5,0,12,14,15
35,1,1,15,1,2,1,2,3,4,4,4,2,2,1,0,2,1,2,1,1,1,2,2,3,5,1,1,1,5,0,8,7,6
36,1,2,15,1,1,1,4,3,1,3,1,1,1,3,0,2,1,2,1,1,1,1,2,5,4,3,1,1,4,2,15,16,18
37,1,2,16,2,2,2,4,4,4,1,2,1,2,3,0,2,1,2,1,1,1,1,1,2,4,3,1,1,5,7,15,16,15
38,1,1,15,2,2,1,3,4,3,2,3,1,1,3,0,1,1,1,1,1,1,1,2,4,3,2,1,1,5,2,12,12,11
39,1,1,15,2,2,1,2,2,5,4,2,1,1,1,0,1,1,1,1,1,1,2,2,4,3,1,1,1,2,8,14,13,13
40,1,1,16,1,1,1,2,2,4,4,1,1,2,2,1,2,1,2,1,2,1,1,1,3,3,3,1,2,3,25,7,10,11
41,1,2,15,1,1,1,4,4,1,4,1,4,1,1,0,2,1,2,2,2,1,1,1,5,4,3,2,4,5,8,12,12,12
42,1,2,15,1,2,1,4,4,3,1,3,2,1,2,0,2,1,2,1,1,1,1,2,4,3,3,1,1,5,2,19,18,18
43,1,2,15,1,2,1,2,2,3,3,3,2,1,1,0,1,1,2,2,1,1,1,2,5,4,1,1,1,1,0,8,8,11
44,1,1,16,1,1,1,2,2,4,5,3,2,2,2,1,1,2,2,1,1,1,1,2,4,3,3,2,2,5,14,10,10,9
45,1,1,15,1,1,2,4,3,4,4,3,1,1,2,0,1,1,1,1,1,1,1,1,5,2,2,1,1,5,8,8,8,6
46,1,1,16,1,1,2,3,3,4,3,1,1,1,2,0,2,1,2,2,1,1,1,2,2,3,5,1,4,3,12,11,12,11
47,1,2,16,1,2,1,4,3,2,3,2,1,1,4,0,2,2,2,1,1,1,1,2,4,2,2,1,1,2,4,19,19,20
48,1,2,15,1,2,1,4,2,1,4,1,1,1,2,0,2,1,1,2,1,1,2,2,4,3,3,2,2,5,2,15,15,14
49,1,1,15,1,2,1,4,4,3,1,4,2,1,2,1,1,1,2,1,2,1,1,2,4,4,4,1,1,3,2,7,7,7
50,1,1,16,1,1,1,2,2,3,3,3,1,3,2,0,2,1,1,2,1,1,1,2,4,3,3,2,3,4,2,12,13,13
51,1,1,15,1,1,1,4,2,2,4,4,1,1,2,0,2,1,1,2,1,1,1,2,4,3,3,1,1,5,2,11,13,13
52,1,2,15,1,1,2,4,2,2,2,4,2,2,1,1,2,2,2,2,1,1,2,2,5,5,5,3,4,5,6,11,11,10
53,1,1,15,1,2,1,4,4,3,3,3,1,1,1,0,1,1,1,2,1,1,1,2,3,3,4,2,3,5,0,8,10,11
54,1,1,15,1,1,2,3,3,4,4,4,1,1,1,0,2,2,1,2,1,1,1,2,5,3,4,4,4,1,6,10,13,13
55,1,1,16,1,2,2,2,1,4,4,4,1,1,2,0,2,2,1,1,1,1,1,1,5,3,4,1,1,2,8,8,9,10
56,1,1,15,1,2,2,4,3,3,3,2,1,1,2,0,2,1,1,1,1,1,1,2,4,3,2,1,1,1,0,14,15,15
57,1,2,15,1,2,1,4,4,1,2,2,1,1,2,0,2,1,2,1,1,1,2,2,3,2,2,1,1,5,4,14,15,15
58,1,2,15,1,1,1,1,2,4,5,1,2,1,2,0,1,1,2,1,1,1,1,2,4,3,2,1,1,5,2,9,10,9
59,1,1,16,1,2,1,4,2,3,4,3,1,1,2,0,2,1,2,2,1,1,1,2,4,2,3,1,1,5,2,15,16,16
60,1,1,16,2,2,1,4,4,2,1,4,1,1,2,0,2,1,2,1,1,1,2,2,2,4,4,2,3,4,6,10,11,11
61,1,1,16,1,2,1,1,1,3,3,3,2,4,1,0,1,1,2,1,2,1,1,1,5,5,5,5,5,5,6,10,8,11
62,1,1,16,1,1,1,1,2,4,3,2,2,1,2,0,1,2,2,1,1,1,1,2,4,4,3,1,1,1,4,8,10,9
63,1,1,16,1,2,1,4,3,1,2,1,1,1,3,0,1,1,1,1,1,1,1,2,3,4,4,2,4,4,2,10,9,9
64,1,1,15,1,1,1,4,3,3,3,2,2,1,2,0,1,2,2,1,1,1,1,1,4,4,4,2,4,2,0,10,10,10
65,1,1,16,1,1,1,4,3,1,3,3,1,3,2,0,2,1,2,1,1,1,1,2,5,4,3,1,2,1,2,16,15,15
66,1,2,15,1,2,2,4,4,4,3,2,1,1,4,0,2,1,2,1,2,1,1,1,1,3,3,5,5,3,4,13,13,12
67,1,1,16,1,2,1,3,1,3,4,3,1,1,4,0,1,1,1,2,1,1,1,2,4,3,3,1,2,5,4,7,7,6
68,1,1,15,2,1,1,2,2,2,3,2,1,2,2,0,1,1,1,2,1,1,1,2,4,1,3,1,3,4,2,8,9,8
69,1,1,15,2,1,1,3,1,4,4,2,2,2,4,0,2,1,2,2,2,1,1,2,4,4,2,2,3,3,12,16,16,16
70,1,2,16,1,2,1,3,1,4,4,2,2,2,4,0,2,1,1,2,1,1,1,2,4,3,2,1,1,5,0,13,15,15
71,1,2,15,1,2,1,4,2,4,4,3,1,1,4,0,2,2,2,2,1,1,1,2,3,3,3,1,1,3,0,10,10,10
72,1,1,15,2,2,1,1,1,4,4,2,1,1,2,2,1,1,2,2,2,1,1,1,3,3,4,2,4,5,2,8,6,5
73,1,2,16,1,2,1,3,1,4,4,2,1,1,1,0,2,2,2,1,1,1,2,2,5,3,2,2,2,5,2,12,12,14
74,1,1,16,1,2,1,3,3,4,3,1,1,1,2,0,1,1,1,1,1,1,1,2,4,3,3,2,4,5,54,11,12,11
75,1,2,15,1,2,1,4,3,1,4,1,1,1,2,0,2,1,1,1,1,1,1,2,4,3,3,2,3,5,6,9,9,10
76,1,2,15,1,2,1,4,0,1,4,3,1,2,4,0,2,2,2,1,1,1,1,2,3,4,3,1,1,1,8,11,11,10
77,1,1,16,1,2,1,2,2,4,4,2,1,1,4,0,2,2,1,2,1,1,1,1,5,2,3,1,3,3,0,11,11,11
78,1,2,17,1,2,1,2,1,4,4,1,1,2,1,3,1,1,2,1,1,2,1,2,4,5,1,1,1,3,2,8,8,10
79,1,1,16,1,2,1,3,4,5,4,3,1,1,2,0,2,1,2,2,1,1,1,2,2,4,3,1,2,3,12,5,5,5
80,1,2,15,1,2,1,2,3,4,3,3,2,1,1,0,1,1,1,1,2,1,1,1,3,2,2,1,3,3,2,10,12,12
81,1,2,15,1,2,1,2,3,4,4,1,1,1,3,0,1,2,1,2,2,1,1,2,5,3,2,1,2,5,4,11,10,11
82,1,1,15,1,1,1,3,2,3,4,2,1,1,2,0,2,1,1,2,1,1,1,2,4,4,4,1,1,5,10,7,6,6
83,1,2,15,1,1,1,2,2,3,3,1,1,2,2,0,2,2,1,1,1,1,1,2,5,3,3,1,3,4,4,15,15,15
84,1,1,15,1,2,1,1,1,4,4,1,2,1,2,0,2,1,2,1,2,1,1,2,4,3,2,2,3,4,2,9,10,10
85,1,1,15,1,2,1,4,4,3,3,2,2,2,2,2,2,2,1,2,1,1,1,1,4,4,4,2,3,5,6,7,9,8
86,1,1,16,1,1,1,2,2,5,4,3,1,1,2,0,2,1,2,2,1,1,2,2,4,3,4,1,2,2,4,8,7,6
87,1,1,15,1,2,1,4,2,4,4,2,1,1,3,0,2,1,2,1,1,1,1,2,5,3,3,1,3,1,4,13,14,14
88,1,2,16,1,2,1,2,2,3,4,2,2,2,2,1,2,2,1,1,2,1,1,2,4,4,2,1,1,3,12,11,10,10
89,1,2,16,1,1,2,4,4,1,2,2,1,1,2,0,2,1,2,2,1,1,2,2,4,1,3,3,5,5,18,8,6,7
90,1,1,16,1,2,1,3,3,4,4,1,1,1,3,0,2,1,1,2,1,1,1,1,4,3,3,1,3,4,0,7,7,8
91,1,1,15,1,2,1,4,3,3,4,2,1,1,1,0,2,2,1,1,1,1,1,2,4,5,5,1,3,1,4,16,17,18
92,1,1,16,1,1,1,3,1,4,4,1,2,1,2,0,1,1,2,2,1,1,2,2,3,3,3,2,3,2,4,7,6,6
93,1,1,16,1,2,1,4,2,1,3,1,1,2,2,0,2,1,1,1,1,1,1,2,5,3,3,1,1,1,0,11,10,10
94,1,2,15,1,1,1,2,2,3,2,2,1,1,4,0,2,1,2,1,1,1,1,2,4,3,4,1,1,4,6,11,13,14
95,1,1,15,2,2,1,1,1,5,4,1,1,2,4,1,1,1,1,1,1,1,1,2,3,1,2,1,1,1,2,7,10,10
96,1,2,16,2,2,1,4,3,3,4,2,1,2,1,0,1,1,2,1,2,1,1,2,3,3,3,1,1,4,2,11,15,15
97,1,1,16,1,2,1,2,1,4,4,3,1,1,2,0,2,1,1,2,1,1,2,1,4,3,5,1,1,5,2,8,9,10
98,1,1,16,1,2,1,4,4,4,4,2,1,1,1,0,2,2,2,1,2,1,1,2,5,3,4,1,2,1,6,11,14,14
99,1,1,16,1,2,1,4,3,4,5,3,1,1,3,0,1,1,1,2,1,1,1,2,5,3,5,1,1,3,0,7,9,8
100,1,2,16,1,2,1,4,4,3,3,4,1,1,1,0,1,1,1,1,1,1,1,2,4,5,5,5,5,4,14,7,7,5
101,1,2,16,1,2,1,4,4,3,1,4,2,1,3,0,2,1,2,1,1,1,1,1,4,4,3,1,1,4,0,16,17,17
102,1,2,15,1,2,1,4,4,3,4,3,1,1,1,0,2,1,2,1,2,1,1,2,5,3,3,1,1,5,4,10,13,14
103,1,1,15,1,2,1,3,2,3,4,1,1,2,2,0,1,1,1,2,1,1,1,2,4,3,5,1,1,2,26,7,6,6
104,1,2,15,1,2,2,3,4,3,4,3,1,1,2,0,2,1,1,1,1,1,1,2,5,4,4,1,1,1,0,16,18,18
105,1,1,15,1,2,2,3,3,4,2,2,2,1,4,0,1,2,2,2,1,1,2,2,4,3,3,1,1,4,10,10,11,11
106,1,1,15,1,2,1,2,2,4,4,3,1,1,4,0,1,1,1,2,1,1,1,2,5,1,2,1,1,3,8,7,8,8
107,1,2,16,1,2,1,3,3,3,4,1,2,1,3,0,2,1,2,1,1,1,1,2,5,3,3,1,1,5,2,16,18,18
108,1,2,15,2,2,1,4,4,4,4,1,2,4,4,0,2,1,1,1,1,1,1,1,1,3,5,3,5,1,6,10,13,13
109,1,1,16,1,1,1,4,4,2,2,4,1,1,3,0,2,1,1,1,1,1,1,1,5,4,5,1,1,4,4,14,15,16
110,1,2,15,1,1,2,4,4,1,1,3,1,1,1,0,2,2,2,1,1,1,1,2,5,5,3,1,1,4,6,18,19,19
111,1,1,16,2,2,1,3,3,3,4,2,2,1,3,1,1,1,2,1,1,1,1,2,4,1,2,1,1,2,0,7,10,10
112,1,1,16,1,2,1,2,2,5,4,1,1,1,2,1,1,2,2,1,1,1,1,2,3,1,2,1,1,5,6,10,13,13
113,1,2,15,1,1,1,4,2,1,4,3,1,1,1,0,2,2,2,2,1,1,1,2,3,5,2,1,1,3,10,18,19,19
114,1,2,15,2,2,1,2,1,2,3,2,1,1,2,0,2,2,2,1,1,1,1,1,5,4,2,1,1,5,8,9,9,9
115,1,2,16,1,2,1,4,4,1,1,3,2,1,2,0,2,1,2,1,1,1,1,2,5,4,4,1,2,5,2,15,15,16
116,1,2,15,1,2,1,4,4,4,1,2,2,2,2,0,2,1,2,1,1,1,2,2,4,4,3,1,1,2,2,11,13,14
117,1,2,16,1,2,1,3,3,4,3,1,2,2,1,0,2,2,2,1,1,1,1,2,5,4,2,1,1,5,0,13,14,13
118,1,2,17,2,2,1,1,3,4,4,3,2,3,2,1,2,1,2,1,1,1,1,2,5,2,4,1,4,5,20,9,7,8
119,1,2,15,1,2,1,3,4,4,4,2,2,1,1,0,2,2,2,2,1,1,1,2,3,4,3,1,2,4,6,14,13,13
120,1,1,15,1,2,1,1,2,5,3,3,1,1,2,0,2,2,2,2,2,1,1,2,3,2,3,1,2,1,2,16,15,15
121,1,2,15,1,2,1,2,2,3,3,1,2,1,4,0,2,1,1,1,1,1,1,2,5,5,4,1,2,5,6,16,14,15
122,1,1,16,1,1,1,2,4,4,2,3,2,2,2,0,2,1,1,1,1,1,1,1,4,2,2,1,2,5,2,13,13,13
123,1,2,16,1,2,1,4,4,2,4,3,1,1,1,0,2,1,2,1,1,1,1,2,3,4,4,1,4,5,18,14,11,13
124,1,1,16,1,2,1,2,2,4,4,1,1,1,2,0,2,2,1,2,1,1,1,1,5,4,4,1,1,5,0,8,7,8
125,1,2,15,1,2,1,3,4,3,3,1,2,1,1,0,1,2,2,2,1,1,1,2,5,5,5,3,2,5,0,13,13,12
126,1,1,15,1,1,2,3,4,4,4,1,1,1,2,0,1,2,2,1,1,1,1,1,5,3,2,1,1,1,0,7,10,11
127,1,1,19,1,2,1,0,1,5,4,3,4,1,2,3,2,1,2,2,2,2,2,2,3,4,2,1,1,5,2,7,8,9
128,1,2,18,2,2,1,2,2,3,4,2,1,1,1,2,2,1,2,1,1,1,1,2,3,3,3,1,2,4,0,7,4,0
129,1,2,16,2,2,1,4,4,1,1,3,1,1,1,0,2,2,1,1,1,1,1,2,3,5,5,2,5,4,8,18,18,18
130,1,1,15,2,2,1,3,4,3,1,3,2,2,3,2,2,1,2,2,1,1,1,1,4,2,2,2,2,5,0,12,0,0
131,1,1,15,1,2,1,1,1,5,4,3,1,3,1,0,2,1,2,1,2,1,1,1,4,3,3,1,2,4,0,8,0,0
132,1,1,17,1,1,1,2,2,4,4,3,2,1,1,0,2,1,2,2,1,1,1,1,3,4,4,1,3,5,12,10,13,12
133,1,1,16,1,2,2,3,4,3,4,3,2,1,1,0,2,2,2,2,1,1,1,2,3,2,1,1,4,5,16,12,11,11
134,1,2,15,2,2,1,3,4,5,1,3,1,4,2,0,2,1,2,2,1,1,2,1,5,3,3,1,1,5,0,9,0,0
135,1,1,15,1,2,1,4,4,3,5,3,1,1,3,0,2,1,2,1,1,1,1,1,4,3,3,1,1,5,0,11,0,0
136,1,2,17,2,2,1,3,4,5,4,3,1,3,2,0,2,2,2,2,1,1,2,2,5,4,5,2,4,5,0,10,0,0
137,1,1,16,1,2,2,3,3,4,4,3,4,2,1,2,2,1,2,1,2,1,1,1,4,3,2,1,1,5,0,4,0,0
138,1,2,16,1,1,1,1,1,3,4,3,1,1,2,1,2,2,2,2,1,1,2,1,4,4,4,1,3,5,0,14,12,12
139,1,1,15,1,2,1,4,4,1,1,3,1,2,1,0,2,2,2,1,1,1,1,2,4,3,2,1,1,5,0,16,16,15
140,1,2,15,1,2,1,4,3,1,3,3,2,2,4,0,1,1,2,2,1,1,1,2,2,2,2,1,1,3,0,7,9,0
141,1,2,16,1,1,1,2,2,3,3,2,2,2,1,2,2,1,2,1,1,1,1,2,2,3,3,2,2,2,8,9,9,9
142,1,1,15,1,2,1,4,4,1,3,3,1,1,3,0,2,1,1,1,1,1,1,2,4,2,2,1,1,5,2,9,11,11
143,1,1,16,1,1,1,1,1,5,5,3,1,1,1,0,2,2,2,2,1,1,1,2,3,4,4,3,3,1,2,14,14,13
144,1,2,17,1,2,1,2,1,4,4,1,1,1,1,3,2,1,2,2,1,1,1,2,5,4,5,1,2,5,0,5,0,0
145,1,1,15,1,2,1,1,1,4,3,3,2,1,2,0,2,1,1,2,1,1,1,2,4,4,2,1,2,5,0,8,11,11
146,1,1,15,1,2,1,3,2,2,3,1,2,1,2,3,2,1,2,2,1,1,1,2,3,3,2,1,1,3,0,6,7,0
147,1,1,15,1,2,1,1,2,5,4,3,1,1,2,0,2,1,1,2,2,1,1,2,4,3,2,1,1,5,2,10,11,11
148,1,2,16,1,2,1,4,4,1,1,3,1,1,1,0,2,1,2,2,1,2,1,1,3,3,2,2,1,5,0,7,6,0
149,1,2,15,1,1,2,2,1,3,4,3,1,4,1,3,2,2,2,2,1,1,1,2,4,5,5,2,5,5,0,8,9,10
150,1,2,18,1,1,1,1,1,4,4,3,1,1,1,3,2,2,2,2,1,2,1,1,2,3,5,2,5,4,0,6,5,0
151,1,2,16,1,1,1,2,1,5,4,3,1,1,1,1,2,2,2,1,1,1,2,1,4,4,4,3,5,5,6,12,13,14
152,1,1,15,2,2,1,3,3,3,3,2,4,2,3,2,2,1,1,1,1,1,1,1,4,2,1,2,3,3,8,10,10,10
153,1,2,19,1,2,1,3,2,3,5,1,1,1,1,3,2,1,2,2,1,2,1,1,4,5,4,1,1,4,0,5,0,0
154,1,1,17,1,2,1,4,4,4,1,3,1,1,1,0,1,1,2,2,1,1,2,1,4,2,1,1,1,4,0,11,11,12
155,1,2,15,2,2,1,2,3,5,3,3,1,1,2,0,1,2,1,1,1,1,2,2,4,4,4,1,1,1,2,11,8,8
156,1,2,17,2,1,1,1,2,4,4,2,1,1,1,0,2,2,2,2,1,1,2,2,2,2,2,3,3,5,8,16,12,13
157,1,1,18,2,2,1,1,1,5,4,3,1,3,1,3,2,1,2,1,2,1,2,2,5,2,5,1,5,4,6,9,8,10
158,1,2,16,2,2,1,2,2,5,4,3,1,3,1,0,2,2,2,2,2,1,2,2,4,2,2,1,2,3,2,17,15,15
159,1,2,16,1,2,1,3,3,4,3,3,2,1,2,1,2,1,1,2,1,1,1,1,4,5,5,4,4,5,4,10,12,12
160,1,2,17,2,1,1,2,1,5,4,3,1,2,1,2,2,2,2,1,1,2,1,1,3,3,2,2,2,5,0,7,6,0
161,1,2,15,2,2,1,3,2,4,4,3,1,2,2,2,1,1,2,2,1,1,1,1,4,4,4,1,4,3,6,5,9,7
162,1,2,16,1,1,1,1,2,4,4,3,1,2,1,1,2,2,2,1,1,1,2,2,4,4,4,2,4,5,0,7,0,0
163,1,2,17,1,2,1,1,3,5,3,3,2,1,1,0,2,2,2,2,1,2,1,2,5,3,3,1,4,2,2,10,10,10
164,1,2,17,2,1,1,1,1,4,3,3,1,4,2,3,2,2,2,1,1,2,2,1,5,3,5,1,5,5,0,5,8,7
165,1,2,16,1,2,1,3,2,3,3,3,1,2,1,1,2,1,2,1,2,2,2,2,4,5,2,1,1,2,16,12,11,12
166,1,2,16,1,2,1,2,2,4,4,3,2,1,2,0,2,2,2,2,1,2,1,2,4,3,5,2,4,4,4,10,10,10
167,1,1,16,1,2,1,4,2,2,3,1,2,1,2,0,2,2,1,2,1,1,1,1,4,2,3,1,1,3,0,14,15,16
168,1,1,16,1,2,1,2,2,4,4,1,1,1,2,0,2,1,1,2,2,1,1,2,5,1,5,1,1,4,0,6,7,0
169,1,1,16,1,2,1,4,4,2,2,2,1,1,2,0,2,1,1,2,1,1,1,1,4,4,2,1,1,3,0,14,14,14
170,1,2,16,1,2,1,3,4,4,4,3,2,3,1,2,2,1,2,1,2,1,1,2,3,4,5,2,4,2,0,6,5,0
171,1,2,16,1,2,1,1,0,4,4,2,1,2,2,0,2,1,1,1,1,1,1,1,4,3,2,1,1,3,2,13,15,16
172,1,2,17,1,1,1,4,4,1,4,2,1,1,2,0,2,1,1,1,1,1,1,2,4,4,4,1,3,5,0,13,11,10
173,1,1,16,1,2,1,1,3,5,3,1,1,1,2,3,2,2,2,1,2,1,1,1,4,3,5,1,1,3,0,8,7,0
174,1,1,16,1,1,1,3,3,4,4,2,1,2,2,0,2,1,1,1,1,1,1,2,4,4,5,1,1,4,4,10,11,9
175,1,2,17,1,1,1,4,3,1,4,3,1,2,2,0,2,2,1,1,1,1,1,2,4,4,4,4,4,4,4,10,9,9
176,1,1,16,1,2,1,2,2,3,4,2,1,2,2,0,2,2,1,1,2,1,1,2,3,4,4,1,4,5,2,13,13,11
177,1,2,17,1,2,1,3,3,4,4,2,2,1,2,0,2,2,2,1,2,1,1,2,4,3,4,1,4,4,4,6,5,6
178,1,2,16,2,2,1,4,2,1,3,4,1,1,1,0,2,1,2,1,1,1,1,1,4,3,3,3,4,3,10,10,8,9
179,1,2,17,1,2,1,4,3,4,4,3,1,1,2,0,2,1,2,1,1,1,1,1,5,2,3,1,1,2,4,10,10,11
180,1,2,16,1,2,1,4,3,1,4,1,1,1,2,0,2,1,1,1,1,1,1,2,3,4,3,2,3,3,10,9,8,8
181,1,2,16,1,2,1,3,3,3,4,1,1,1,2,0,2,2,1,1,1,1,1,1,4,2,3,1,2,3,2,12,13,12
182,1,1,17,1,2,1,2,4,3,3,2,2,1,2,0,2,1,2,1,1,1,2,2,5,4,2,2,3,5,0,16,17,17
183,1,1,17,1,1,1,3,3,4,4,2,1,1,2,0,2,1,2,1,1,1,1,1,5,3,3,2,3,1,56,9,9,8
184,1,1,16,1,2,1,3,2,4,4,2,1,1,2,0,2,1,1,2,1,1,1,2,1,2,2,1,2,1,14,12,13,12
185,1,2,17,1,2,1,3,3,3,3,4,1,1,2,0,2,1,2,1,1,1,1,1,4,3,4,2,3,4,12,12,12,11
186,1,2,16,1,2,1,1,2,3,3,4,1,1,1,0,2,1,1,1,1,1,1,1,3,3,3,1,2,3,2,11,12,11
187,1,2,16,1,1,1,2,1,4,4,3,1,1,2,0,2,2,1,1,1,1,1,1,4,2,3,1,2,5,0,15,15,15
188,1,1,17,1,2,2,3,3,2,4,2,1,1,2,0,2,1,2,2,2,1,1,1,3,3,3,1,3,3,6,8,7,9
189,1,2,17,2,2,1,1,2,5,4,1,1,1,2,0,2,2,2,2,1,1,2,2,3,1,3,1,5,3,4,8,9,10
190,1,1,16,1,2,1,2,3,3,3,3,1,1,2,0,2,2,2,2,1,1,1,2,4,3,3,1,1,2,10,11,12,13
191,1,1,17,1,2,1,1,1,5,3,3,1,1,2,0,2,2,2,1,1,1,1,2,5,3,3,1,1,3,0,8,8,9
192,1,2,17,1,2,1,1,2,5,3,4,4,2,2,0,2,2,1,1,2,1,1,2,4,4,4,4,5,5,12,7,8,8
193,1,2,16,2,2,1,3,3,3,3,2,1,1,1,0,2,1,2,1,1,1,1,2,4,3,2,3,4,5,8,8,9,10
194,1,2,16,1,2,1,2,3,4,4,1,2,2,1,0,2,2,2,2,1,1,1,2,5,3,3,1,1,3,0,13,14,14
195,1,1,17,1,1,1,2,4,3,3,3,2,1,2,0,2,2,2,1,1,1,1,1,4,3,2,1,1,5,0,14,15,15
196,1,2,17,1,2,1,4,4,3,1,1,1,1,1,0,2,2,2,2,1,1,1,2,5,2,3,1,2,5,4,17,15,16
197,1,2,16,2,1,1,3,3,1,4,1,2,3,1,0,2,1,1,1,1,1,1,2,3,3,4,3,5,3,8,9,9,10
198,1,1,17,1,2,1,4,4,3,1,1,1,2,1,1,2,1,2,2,1,1,1,2,4,2,4,2,3,2,24,18,18,18
199,1,1,16,1,1,1,4,4,1,1,2,1,1,2,0,2,1,1,2,1,1,1,2,4,5,2,1,2,3,0,9,9,10
200,1,1,16,1,2,1,4,3,2,4,1,1,1,2,0,2,1,2,1,1,1,1,2,4,3,5,1,5,2,2,16,16,16
201,1,1,16,1,2,1,2,3,4,4,2,1,1,2,0,1,1,1,1,1,1,2,2,4,4,3,1,3,4,6,8,10,10
202,1,1,17,1,2,1,1,1,4,4,3,1,1,2,0,2,1,1,2,2,1,2,2,4,4,4,1,3,1,4,9,9,10
203,1,1,17,2,2,1,2,2,4,4,2,1,1,1,0,2,1,2,2,1,1,1,2,5,3,2,1,2,3,18,7,6,6
204,1,1,16,2,2,1,2,2,3,3,2,1,2,4,0,2,1,1,1,2,1,1,2,5,3,5,1,1,5,6,10,10,11
205,1,1,17,1,2,1,3,4,5,3,1,1,1,3,1,2,1,1,2,1,1,1,1,4,4,3,3,4,5,28,10,9,9
206,1,1,16,1,2,2,3,1,3,4,3,1,1,2,3,2,1,1,2,1,1,1,2,2,3,3,2,2,4,5,7,7,7
207,1,1,16,1,2,1,4,3,1,4,4,1,1,2,0,2,2,1,1,1,1,1,1,1,3,2,1,1,1,10,11,12,13
208,1,1,16,1,2,1,1,1,5,4,1,1,2,1,0,2,1,1,2,1,1,2,2,4,3,2,1,4,5,6,9,9,10
209,1,1,17,2,2,1,4,3,1,4,2,1,2,3,0,2,1,1,1,1,1,1,1,4,4,2,1,1,4,6,7,7,7
210,1,1,19,1,2,1,3,3,4,4,2,4,1,4,0,2,1,1,1,1,1,1,2,4,3,3,1,2,3,10,8,8,8
211,1,2,17,1,1,1,4,4,3,4,1,1,1,2,0,2,1,1,2,1,1,1,1,5,3,5,4,5,3,13,12,12,13
212,1,1,16,1,2,2,2,2,4,4,2,1,1,2,0,1,1,1,2,1,1,1,2,3,3,4,1,1,4,0,12,13,14
213,1,2,18,1,2,1,2,2,3,4,1,1,1,2,1,2,1,1,1,1,1,1,2,4,4,4,2,4,5,15,6,7,8
214,1,1,17,2,1,1,4,4,3,4,4,1,1,1,0,2,1,1,2,1,1,2,2,5,2,1,1,2,3,12,8,10,10
215,1,1,17,1,1,1,3,2,4,4,2,1,2,2,0,2,2,1,2,1,1,1,2,4,4,4,1,3,1,2,14,15,15
216,1,1,17,1,2,1,4,3,4,4,2,1,1,2,2,2,2,1,2,1,1,1,1,3,4,5,2,4,1,22,6,6,4
217,1,2,18,1,1,1,3,3,3,2,1,2,1,2,1,2,1,1,2,1,1,1,2,3,2,4,2,4,4,13,6,6,8
218,1,1,17,1,2,1,2,3,5,4,1,2,2,1,0,2,1,1,2,1,1,2,2,3,3,3,1,4,3,3,7,7,8
219,1,1,17,1,2,1,2,2,5,5,3,1,1,3,0,2,1,1,1,1,1,1,2,4,3,3,1,1,4,4,9,10,10
220,1,1,17,2,2,1,2,1,5,3,2,1,2,2,0,2,1,2,1,1,1,1,2,4,2,5,1,2,5,2,6,6,6
221,1,1,17,1,2,1,1,1,5,4,2,1,1,3,1,2,1,2,1,1,1,2,1,4,3,4,1,1,5,0,6,5,0
222,1,1,16,1,2,1,2,3,3,1,4,1,1,2,0,1,2,2,2,1,1,1,2,2,3,1,1,1,3,2,16,16,17
223,1,2,18,1,2,1,2,2,4,4,1,1,2,2,0,2,1,1,2,1,1,1,2,3,3,3,5,5,4,0,12,13,13
224,1,1,16,1,2,1,4,4,1,3,1,1,1,3,0,2,1,2,1,2,1,1,2,5,3,2,1,1,5,0,13,13,14
225,1,1,18,2,2,1,3,1,4,4,2,1,1,2,1,2,2,2,1,1,1,1,1,5,3,3,1,1,4,16,9,8,7
226,1,1,17,1,2,1,3,2,4,4,3,1,1,2,0,2,2,2,1,2,1,1,2,5,3,4,1,3,3,10,16,15,15
227,1,2,17,1,1,1,2,3,3,3,2,2,1,2,0,2,1,1,2,2,1,1,2,5,3,3,1,3,3,2,12,11,12
228,1,2,18,1,1,1,2,1,5,4,3,1,4,2,0,1,1,1,1,1,1,1,1,4,3,2,4,5,3,14,10,8,9
229,1,1,17,1,2,2,2,1,4,4,3,1,2,3,0,2,2,2,1,1,1,1,1,3,2,3,1,2,3,10,12,10,12
230,1,1,17,1,1,1,4,3,2,4,2,2,1,2,0,2,2,2,1,1,1,1,1,3,2,3,1,2,3,14,13,13,14
231,1,2,17,2,2,1,2,2,4,4,3,2,2,2,0,2,1,1,1,1,1,1,2,4,5,2,1,1,1,4,11,11,11
232,1,2,17,1,2,1,4,4,1,1,2,1,1,2,0,1,1,2,1,1,1,1,1,4,5,5,1,3,2,14,11,9,9
233,1,2,16,1,2,1,4,4,2,4,2,2,1,2,0,2,1,1,1,1,1,1,2,4,2,4,2,4,1,2,14,13,13
234,1,2,16,1,1,1,1,1,4,4,1,1,2,2,0,2,1,1,2,1,1,1,2,3,4,2,1,1,5,18,9,7,6
235,1,2,16,1,2,1,3,2,5,4,2,1,2,3,0,2,2,2,1,1,1,1,1,5,3,3,1,3,2,10,11,9,10
236,1,2,17,1,1,1,2,2,4,4,1,2,1,2,0,2,2,1,1,2,1,1,1,4,4,2,5,5,4,4,14,13,13
237,1,1,16,1,2,1,2,1,4,4,1,1,1,1,0,2,2,2,2,1,1,1,1,4,5,2,1,1,5,20,13,12,12
238,1,1,17,2,2,1,2,1,5,3,3,1,3,2,0,2,2,2,1,1,1,2,2,2,1,1,1,1,3,2,13,11,11
239,1,2,18,1,2,1,2,2,4,3,2,2,1,2,1,2,2,2,2,1,2,1,2,5,5,4,3,5,2,0,7,7,0
240,1,2,17,1,1,1,4,3,2,4,3,1,2,2,0,2,2,2,1,1,1,1,1,2,5,5,1,4,5,14,12,12,12
241,1,2,17,2,1,2,4,4,1,4,3,1,2,2,0,2,1,1,2,1,1,1,2,3,3,3,2,3,4,2,10,11,12
242,1,2,16,1,1,1,4,3,1,4,3,1,1,1,0,2,2,2,1,2,1,1,2,5,4,5,1,1,3,0,6,0,0
243,1,2,16,1,2,1,4,4,3,3,3,1,1,1,0,2,2,2,1,1,1,1,2,5,3,2,1,2,5,0,13,12,12
244,1,1,18,1,2,1,2,1,4,4,3,4,2,3,0,2,1,1,2,2,1,1,1,4,4,4,1,1,3,0,7,0,0
245,1,2,16,1,2,1,2,1,4,4,3,1,3,1,0,2,2,2,2,1,1,1,2,4,3,3,1,1,4,6,18,18,18
246,1,2,17,1,2,1,2,3,4,4,3,2,2,1,0,2,2,2,2,1,1,1,2,5,2,2,1,1,2,4,12,12,13
247,1,2,22,1,2,1,3,1,3,3,4,1,1,1,3,2,2,2,2,2,2,1,1,5,4,5,5,5,1,16,6,8,8
248,1,2,18,2,1,1,3,3,4,3,3,1,1,2,1,2,1,2,2,1,1,1,1,4,3,3,1,3,5,8,3,5,5
249,1,2,16,1,2,1,0,2,4,4,4,1,1,1,0,2,2,1,2,2,1,1,2,4,3,2,2,4,5,0,13,15,15
250,1,2,18,1,2,1,3,2,3,4,3,1,2,1,1,2,2,2,2,1,2,1,2,4,4,5,2,4,5,0,6,8,8
251,1,2,16,1,2,1,3,3,5,4,2,4,3,2,0,1,1,2,2,2,1,1,2,5,3,3,1,3,2,6,7,10,10
252,1,2,18,1,2,1,2,1,3,3,4,1,1,1,1,2,2,2,2,2,2,1,2,3,2,5,2,5,5,4,6,9,8
253,1,2,16,2,2,1,2,1,4,4,3,1,2,1,0,2,2,2,1,2,1,2,2,3,3,2,1,3,3,0,8,9,8
254,1,2,17,2,2,1,2,1,4,4,3,1,1,1,0,2,2,2,2,2,1,1,2,4,4,2,2,4,5,0,8,12,12
255,1,2,17,1,1,1,1,1,2,4,3,1,2,1,1,2,1,2,1,1,1,1,2,4,4,4,1,2,5,2,7,9,8
256,1,1,17,1,1,1,4,2,1,3,2,1,1,4,0,2,1,1,1,1,1,1,2,4,2,3,1,1,4,6,14,12,13
257,1,2,19,1,1,2,4,3,3,5,2,1,1,2,0,2,1,2,2,1,1,1,2,4,3,1,1,1,1,12,11,11,11
258,1,2,18,1,2,1,2,1,4,4,1,1,1,2,0,2,2,2,1,1,1,1,2,5,2,4,1,2,4,8,15,14,14
259,1,1,17,1,1,1,2,2,3,3,3,2,1,4,0,2,2,1,1,1,1,1,1,3,4,1,1,1,2,0,10,9,0
260,1,1,18,1,2,1,4,3,3,4,1,2,1,2,0,2,1,1,2,1,1,1,1,3,1,2,1,3,2,21,17,18,18
261,1,2,18,1,2,1,4,3,1,4,3,1,1,2,0,2,1,1,2,2,1,1,2,4,3,2,1,1,3,2,8,8,8
262,1,2,18,2,2,1,3,2,4,4,3,1,1,3,0,2,2,2,1,2,1,2,2,5,3,2,1,1,3,1,13,12,12
263,1,1,17,1,2,1,3,3,4,4,1,1,1,3,0,2,2,2,1,2,1,2,2,3,2,3,1,1,4,4,10,9,9
264,1,1,18,1,2,1,2,2,5,3,1,1,1,3,0,2,1,1,1,1,1,1,1,4,3,3,1,1,3,0,9,10,0
265,1,2,18,2,1,2,3,4,4,4,2,1,2,2,0,2,1,1,1,1,1,1,2,4,2,5,3,4,1,13,17,17,17
266,1,2,17,1,2,1,3,1,3,4,4,1,1,2,0,2,2,1,1,1,1,1,1,5,4,4,3,4,5,2,9,9,10
267,1,1,18,2,2,1,4,4,1,4,2,1,2,2,0,2,2,1,1,1,1,1,2,4,3,4,2,2,4,8,12,10,11
268,1,2,18,1,2,1,4,2,2,4,2,2,1,2,0,2,1,1,1,1,1,1,1,5,4,5,1,3,5,10,10,9,10
269,1,1,18,2,2,1,2,1,4,4,2,1,2,2,0,2,1,2,2,1,2,1,1,4,3,5,1,2,3,0,6,0,0
270,1,1,19,1,2,1,3,3,4,3,1,4,1,2,2,2,1,1,1,1,1,1,2,4,3,5,3,3,5,15,9,9,9
271,1,1,18,1,2,1,2,3,4,3,2,2,1,4,0,2,1,1,1,1,1,1,1,4,5,5,1,3,2,4,15,14,14
272,1,1,18,1,1,1,1,1,4,4,1,1,2,2,0,2,1,1,2,2,1,2,2,4,4,3,1,1,3,2,11,11,11
273,1,2,17,2,2,1,1,2,5,5,1,1,1,2,0,2,1,1,1,2,1,2,1,3,5,2,2,2,1,2,15,14,14
274,1,1,17,1,2,1,2,4,5,2,2,1,2,2,0,2,1,1,2,1,1,1,1,4,3,3,1,1,1,2,10,10,10
275,1,1,17,1,1,1,2,2,3,4,3,1,2,2,0,1,1,1,2,1,1,1,1,4,4,4,2,3,5,6,12,12,12
276,1,1,18,2,2,2,3,2,4,3,1,1,2,2,0,2,2,2,2,2,2,1,1,4,1,1,1,1,5,75,10,9,9
277,1,2,18,1,2,1,4,4,1,3,1,1,2,1,0,2,2,1,1,1,1,1,2,3,2,4,1,4,3,22,9,9,9
278,1,1,18,1,2,1,4,4,2,2,2,2,1,2,1,1,1,2,1,1,1,1,1,2,4,4,1,1,4,15,9,8,8
279,1,2,18,1,1,1,4,3,1,3,3,1,2,1,0,2,2,1,1,1,1,1,2,4,2,3,1,2,1,8,10,11,10
280,1,2,17,1,1,2,4,1,3,4,1,1,2,1,0,2,2,1,1,1,1,1,1,4,5,4,2,4,5,30,8,8,8
281,1,2,17,1,1,2,3,2,1,3,1,1,1,1,1,2,2,2,2,1,1,1,2,4,4,4,3,4,3,19,11,9,10
282,1,1,18,2,1,1,1,1,5,4,2,1,2,4,0,2,1,1,1,1,1,2,2,5,2,2,1,1,3,1,12,12,12
283,1,1,18,1,2,1,1,1,4,4,1,1,2,2,0,1,2,2,1,1,1,1,2,5,4,4,1,1,4,4,8,9,10
284,1,1,17,1,2,1,2,2,4,4,3,1,1,2,0,2,1,2,2,2,1,1,2,5,4,5,1,2,5,4,10,9,11
285,1,2,17,1,2,1,1,1,4,4,2,2,1,2,0,2,2,1,2,2,1,1,2,4,3,3,1,2,4,2,12,10,11
286,1,1,18,1,2,1,2,2,5,5,4,1,1,3,0,2,1,1,2,1,1,1,2,4,3,3,1,2,2,5,18,18,19
287,1,1,17,1,2,1,1,1,3,1,2,1,1,3,0,2,1,1,2,1,1,1,2,4,3,3,1,1,3,6,13,12,12
288,1,2,18,1,2,1,2,1,3,3,2,1,1,3,0,2,2,1,1,1,1,1,2,4,2,4,1,3,2,6,15,14,14
289,1,2,18,1,1,2,4,4,1,1,2,1,1,2,0,2,1,1,1,1,1,1,2,5,4,3,1,1,2,9,15,13,15
290,1,2,18,1,2,1,4,2,1,4,1,1,1,2,0,2,1,1,1,1,1,1,1,4,3,2,1,4,5,11,12,11,11
291,1,1,17,1,2,1,4,3,2,3,2,1,1,3,0,2,1,1,2,1,1,1,2,4,2,2,1,2,3,0,15,15,15
292,1,1,18,1,1,1,2,1,3,5,2,1,1,2,1,2,2,2,2,1,1,1,1,5,4,3,1,1,5,12,12,12,13
293,1,1,17,2,1,1,3,1,3,4,2,1,2,4,0,2,1,1,2,1,1,2,2,3,1,2,1,1,3,6,18,18,18
294,1,2,18,2,1,1,3,2,3,4,2,1,2,3,0,2,1,1,1,1,1,1,2,5,4,2,1,1,4,8,14,13,14
295,1,2,17,1,2,1,3,3,2,4,1,1,1,1,0,2,1,1,2,1,1,1,2,4,4,3,1,3,5,4,14,12,11
296,1,1,19,1,2,1,4,4,2,4,2,4,2,2,0,2,1,1,1,1,1,1,2,2,3,4,2,3,2,0,10,9,0
297,1,1,18,1,1,1,4,3,4,4,1,4,2,2,0,2,1,1,2,1,1,1,1,4,4,5,1,2,2,10,10,8,8
298,1,1,18,1,2,1,4,3,4,4,2,2,1,4,0,2,1,1,2,1,1,1,2,4,3,3,1,1,3,0,14,13,14
299,1,2,18,1,1,1,4,4,1,1,1,1,1,1,0,2,1,1,2,1,1,1,1,1,4,2,2,2,1,5,16,15,16
300,1,1,18,1,1,2,4,4,2,4,1,1,1,2,0,2,1,2,2,1,1,1,1,4,2,4,1,1,4,14,12,10,11
301,1,2,17,1,1,1,4,4,4,1,1,2,2,1,0,2,2,1,2,1,1,1,2,4,1,1,2,2,5,0,11,11,10
302,1,1,17,1,2,1,4,2,4,4,2,1,2,3,0,2,1,1,2,1,1,1,2,4,3,3,1,1,3,0,15,12,14
303,1,1,17,1,2,1,3,2,2,2,2,2,1,4,0,2,1,1,1,2,1,1,2,5,2,2,1,2,5,0,17,17,18
304,1,2,19,1,2,1,3,3,4,4,1,4,1,2,1,2,1,2,1,1,1,1,1,4,4,4,1,1,3,20,15,14,13
305,1,1,18,1,2,1,2,4,3,5,2,4,1,2,1,2,1,1,1,1,1,1,2,4,4,3,1,1,3,8,14,12,12
306,1,2,20,1,2,2,3,2,3,4,3,4,1,1,0,2,2,2,1,1,1,2,2,5,5,3,1,1,5,0,17,18,18
307,1,2,19,1,2,1,4,4,1,3,2,4,2,1,1,2,1,1,2,1,1,1,1,4,3,4,1,1,4,38,8,9,8
308,1,2,19,2,2,1,3,3,4,3,2,2,1,2,1,2,2,2,1,1,1,2,1,4,5,3,1,2,5,0,15,12,12
309,1,1,19,1,1,1,1,1,5,4,2,4,1,2,1,1,1,2,1,2,1,1,2,4,4,3,1,3,3,18,12,10,10
310,1,1,19,1,1,1,1,2,3,3,1,4,1,2,1,2,2,2,1,2,1,2,1,4,2,4,2,2,3,0,9,9,0
311,1,1,19,1,2,1,2,1,5,4,4,4,3,2,0,2,1,2,2,1,2,1,1,3,4,1,1,1,2,20,14,12,13
312,1,2,19,1,2,1,1,2,4,3,3,4,1,2,1,2,2,2,2,2,1,1,2,4,5,2,2,2,4,3,13,11,11
313,1,1,19,1,1,1,3,2,3,4,2,4,2,2,1,2,1,1,2,2,1,1,1,4,2,2,1,2,1,22,13,10,11
314,1,1,19,1,2,1,1,1,5,2,1,4,1,3,2,2,2,2,2,2,1,1,1,4,1,2,1,1,3,14,15,13,13
315,1,1,19,2,2,1,2,3,4,4,2,4,1,3,1,2,2,2,2,1,1,1,1,4,1,2,1,1,3,40,13,11,11
316,1,1,18,1,2,1,2,1,3,4,3,1,2,2,0,2,1,1,1,1,1,1,2,5,3,3,1,2,1,0,8,8,0
317,1,1,18,1,2,1,4,3,4,4,3,1,1,3,0,2,1,1,1,1,1,1,1,4,3,4,1,1,5,9,9,10,9
318,1,1,17,2,2,1,3,4,5,3,3,2,1,3,0,2,1,1,1,2,1,1,2,4,3,4,2,5,5,0,11,11,10
319,1,1,18,1,2,1,4,4,1,4,3,1,1,2,0,2,1,1,2,1,1,1,2,4,4,4,3,3,5,2,11,11,11
320,1,1,17,1,2,2,4,3,3,3,3,1,1,2,0,2,1,1,2,1,1,1,1,5,2,2,1,2,5,23,13,13,13
321,1,1,17,1,2,1,2,2,4,4,3,1,1,2,0,2,1,2,2,1,1,2,1,4,2,2,1,1,3,12,11,9,9
322,1,1,17,2,1,1,2,2,3,3,3,1,1,3,0,2,1,1,1,1,1,1,2,3,3,2,2,2,3,3,11,11,11
323,1,1,17,1,2,1,3,1,3,3,3,2,1,3,0,2,1,2,2,2,1,1,2,3,4,3,2,3,5,1,12,14,15
324,1,1,17,1,1,1,0,2,5,5,1,2,2,3,0,2,2,2,2,1,1,1,2,3,3,3,2,3,2,0,16,15,15
325,1,2,18,1,2,1,4,4,4,4,3,1,1,3,0,2,2,2,1,1,1,1,2,4,3,3,2,2,3,3,9,12,11
326,1,2,17,1,2,1,3,3,4,3,2,1,1,1,0,2,2,2,1,2,1,1,2,4,3,5,3,5,5,3,14,15,16
327,1,2,17,2,2,1,2,2,3,4,3,1,4,1,0,2,1,2,2,1,1,1,2,4,4,5,5,5,4,8,11,10,10
328,1,1,17,1,2,1,4,4,1,3,3,1,1,3,0,2,1,1,1,1,1,1,2,5,4,4,1,3,4,7,10,9,9
329,1,1,17,1,2,1,4,4,1,1,3,1,2,3,0,2,1,1,2,2,1,1,1,4,3,3,1,2,4,4,14,14,14
330,1,2,18,1,1,1,2,2,4,4,3,1,1,4,0,2,1,2,1,1,1,1,2,4,5,5,2,4,5,2,9,8,8
331,1,1,17,2,2,1,2,4,5,4,3,2,1,3,0,2,1,2,2,1,1,1,1,4,4,3,1,1,5,7,12,14,14
332,1,1,18,1,2,1,3,3,3,3,1,1,1,2,0,2,2,2,1,1,1,1,2,5,3,4,1,1,4,0,7,0,0
333,1,1,18,1,1,1,2,2,4,4,1,4,1,2,0,2,2,2,1,2,1,1,1,4,3,3,1,1,2,0,8,8,0
334,1,1,18,2,2,1,2,2,5,4,3,1,2,4,0,2,2,2,1,1,1,2,2,4,4,4,1,1,4,0,10,9,0
335,1,1,17,1,2,1,3,4,3,4,3,1,1,3,0,2,2,2,2,1,1,1,2,4,4,5,1,3,5,16,16,15,15
336,1,1,19,2,2,2,3,1,3,5,1,4,1,3,1,2,2,1,2,1,1,2,2,5,4,3,1,2,5,12,14,13,13
337,1,1,17,1,2,1,3,2,4,4,1,1,1,2,0,2,1,1,2,1,1,1,1,4,3,2,2,3,2,0,7,8,0
338,1,1,18,1,1,1,3,3,3,3,1,1,1,4,0,2,1,2,2,1,1,1,2,5,3,3,1,1,1,7,16,15,17
339,1,1,17,2,2,2,3,2,4,4,1,1,1,2,0,2,1,1,2,1,1,1,2,4,3,3,2,3,2,4,9,10,10
340,1,1,19,1,2,1,2,1,3,3,1,4,1,3,1,2,2,1,1,1,1,1,1,4,3,4,1,3,3,4,11,12,11
341,1,2,18,1,2,1,4,4,1,3,1,2,1,2,1,2,1,2,1,1,1,1,2,4,3,3,2,2,2,0,10,10,0
342,1,2,18,1,1,1,3,4,3,4,1,1,1,2,0,2,2,2,1,1,1,1,1,4,3,3,1,3,5,11,16,15,15
343,1,1,17,1,2,2,2,2,5,5,1,2,1,2,1,2,1,2,2,1,1,1,1,3,3,1,1,2,4,0,9,8,0
344,1,1,18,1,2,1,2,3,5,4,3,1,1,3,0,2,1,2,2,1,1,1,2,4,3,3,1,2,3,4,11,10,10
345,1,1,18,1,2,1,3,2,4,3,4,1,1,3,0,2,2,2,2,1,1,1,1,5,4,3,2,3,1,7,13,13,14
346,1,2,18,2,2,1,4,3,1,3,3,1,1,3,0,2,2,2,2,1,1,1,1,5,3,2,1,2,4,9,16,15,16
347,1,2,18,1,2,1,4,3,1,4,3,1,1,3,0,2,1,1,2,1,1,1,1,5,4,5,2,3,5,0,10,10,9
348,1,1,17,1,2,1,4,3,2,4,2,1,1,3,0,2,1,1,1,1,1,1,1,4,4,3,1,3,4,0,13,15,15
349,2,2,18,2,2,1,3,2,4,4,3,1,2,1,1,2,1,2,2,2,1,1,2,2,5,5,5,5,5,10,11,13,13
350,2,2,19,2,2,1,1,1,4,3,1,4,3,2,3,2,2,2,2,1,1,1,2,5,4,4,3,3,2,8,8,7,8
351,2,2,17,1,2,1,3,3,2,4,3,1,2,2,0,2,1,1,2,1,1,1,2,4,5,4,2,3,3,2,13,13,13
352,2,2,18,1,1,1,1,3,5,3,3,1,1,1,1,2,2,2,2,1,2,1,1,4,3,3,2,3,3,7,8,7,8
353,2,2,19,2,2,1,1,1,4,4,1,4,3,1,1,2,1,2,2,1,1,1,2,4,4,4,3,3,5,4,8,8,8
354,2,2,17,2,2,1,4,3,3,4,1,1,2,2,0,2,1,1,1,2,1,1,1,4,5,5,1,3,2,4,13,11,11
355,2,1,18,1,2,1,3,3,3,3,3,2,1,2,0,2,1,2,2,1,1,2,1,5,3,4,1,1,5,0,10,9,9
356,2,1,17,2,2,1,4,4,1,3,4,2,2,2,0,2,1,1,1,1,1,1,2,4,3,3,1,2,5,4,12,13,13
357,2,1,17,1,1,2,3,2,3,4,2,1,2,2,0,2,2,2,2,1,1,2,1,1,2,3,1,2,5,2,12,12,11
358,2,2,18,1,1,1,1,1,4,3,1,2,2,1,0,2,2,2,2,2,1,1,1,3,3,2,1,2,3,4,10,10,10
359,2,1,18,1,1,1,1,1,5,3,3,2,2,3,0,2,2,2,2,1,1,1,2,5,3,2,1,1,4,0,18,16,16
360,2,1,18,2,1,2,1,4,5,4,3,1,3,2,0,2,2,2,2,1,1,2,1,4,3,4,1,4,5,0,13,13,13
361,2,2,18,2,1,1,1,1,5,4,4,1,2,2,1,2,2,2,1,2,2,2,2,4,4,3,2,3,5,2,13,12,12
362,2,1,18,1,2,1,3,3,3,3,4,1,2,2,0,2,1,2,2,1,1,1,1,4,3,2,1,3,3,0,11,11,10
363,2,1,17,1,1,1,4,4,5,5,3,1,1,2,0,2,1,1,1,1,1,1,1,2,3,4,1,1,1,0,16,15,15
364,2,1,17,2,2,1,1,2,4,3,3,2,2,2,0,2,2,2,2,2,1,2,2,3,2,2,1,2,3,0,12,11,12
365,2,2,18,2,2,1,1,3,5,4,3,1,2,2,0,2,1,1,2,1,1,2,2,3,3,4,2,4,3,4,10,10,10
366,2,2,18,1,1,1,4,4,1,3,4,1,2,3,0,2,2,1,2,1,1,1,1,4,2,2,2,2,5,0,13,13,13
367,2,1,17,2,2,1,1,1,4,3,2,1,3,1,1,2,1,1,2,1,1,1,1,5,2,1,1,2,1,0,7,6,0
368,2,1,18,1,2,1,2,3,5,3,3,2,2,1,0,2,1,1,2,1,1,1,1,5,2,3,1,2,4,0,11,10,10
369,2,1,18,2,2,1,4,4,4,1,4,2,3,2,0,2,1,1,2,2,1,1,1,3,2,2,4,2,5,10,14,12,11
370,2,1,19,1,1,1,3,2,3,3,1,4,2,2,2,2,2,2,1,1,1,2,1,3,2,2,1,1,3,4,7,7,9
371,2,2,18,2,1,1,1,2,5,3,4,2,3,1,0,2,1,1,1,1,2,1,1,4,3,3,2,3,3,3,14,12,12
372,2,1,17,1,2,1,2,2,4,5,1,1,1,3,0,2,2,2,1,1,1,2,1,3,4,3,1,1,3,8,13,11,11
373,2,1,17,2,2,1,1,2,4,4,3,1,1,1,0,2,2,2,1,1,1,1,2,3,5,5,1,3,1,14,6,5,5
374,2,1,18,2,1,1,4,4,4,4,2,1,2,3,0,2,2,2,2,1,1,1,2,5,4,4,1,1,1,0,19,18,19
375,2,1,18,2,2,1,1,1,4,4,1,1,4,3,0,2,2,2,2,1,1,1,2,4,3,2,1,2,4,2,8,8,10
376,2,1,20,1,2,1,4,2,2,4,3,4,2,3,2,2,1,1,2,2,1,1,1,5,4,3,1,1,3,4,15,14,15
377,2,1,18,2,1,1,4,4,1,3,3,1,1,2,0,2,2,1,1,1,1,1,2,5,4,3,3,4,2,4,8,9,10
378,2,1,18,1,2,1,3,3,4,4,1,1,1,2,0,2,2,1,2,1,1,1,1,4,1,3,1,2,1,0,15,15,15
379,2,1,17,2,2,1,3,1,5,4,2,1,1,2,0,2,1,1,1,2,1,1,2,4,5,4,2,3,1,17,10,10,10
380,2,2,18,1,2,1,4,4,1,1,1,2,1,2,0,2,2,1,1,2,1,1,2,3,2,4,1,4,2,4,15,14,14
381,2,2,18,2,2,1,2,1,4,4,4,1,2,1,0,2,2,2,1,2,1,1,1,4,4,3,1,3,5,5,7,6,7
382,2,2,17,1,2,1,2,3,4,3,1,2,2,2,0,2,2,2,1,1,1,1,2,4,4,3,1,1,3,2,11,11,10
383,2,2,19,2,2,1,1,1,4,3,4,1,2,1,1,2,2,2,2,1,1,2,2,4,3,2,1,3,5,0,6,5,0
384,2,2,18,2,2,1,4,2,4,4,1,2,2,1,1,2,2,1,2,1,1,2,2,5,4,3,4,3,3,14,6,5,5
385,2,1,18,2,2,1,2,2,5,4,4,1,2,3,0,2,2,1,2,1,1,2,2,5,3,3,1,3,4,2,10,9,10
386,2,1,18,2,2,1,4,4,1,5,2,1,3,1,0,2,1,1,1,1,1,1,1,4,4,3,2,2,5,7,6,5,6
387,2,1,19,2,2,1,2,3,3,4,3,1,1,3,1,2,2,2,1,2,1,1,2,5,4,2,1,2,5,0,7,5,0
388,2,1,18,1,1,1,3,1,1,3,3,1,1,2,0,2,1,1,2,1,1,1,2,4,3,4,1,1,1,0,7,9,8
389,2,1,18,1,2,1,1,1,4,4,3,1,2,2,1,2,2,2,1,1,1,2,2,1,1,1,1,1,5,0,6,5,0
390,2,2,20,1,1,2,2,2,3,3,3,4,1,2,2,2,1,1,2,1,1,2,2,5,5,4,4,5,4,11,9,9,9
391,2,2,17,1,1,1,3,1,3,3,3,1,2,1,0,2,2,2,2,2,1,1,2,2,4,5,3,4,2,3,14,16,16
392,2,2,21,2,2,1,1,1,4,4,3,4,1,1,3,2,2,2,2,2,1,2,2,5,5,3,3,3,3,3,10,8,7
393,2,2,18,2,1,1,3,2,3,4,3,1,3,1,0,2,2,2,2,2,1,1,2,4,4,1,3,4,5,0,11,12,10
394,2,2,19,1,1,1,1,1,4,5,3,2,1,1,0,2,2,2,2,1,1,1,2,3,2,3,3,3,5,5,8,9,9
